product_id,name,reason
8656,Beko Freestanding Tall Frost Free Freezer FFP4671W,cleared fridges section — rebuilding from stock list
8653,Nordmende  60cm Freestanding 186cm Tall Larder Fridge Real Stainless Steel Code: RTL400RIX,cleared fridges section — rebuilding from stock list
8641,Indesit INK25322SW4UK Total No Frost 70/30 Fridge Freezer with Fresh Space+ - White,cleared fridges section — rebuilding from stock list
8638,Indesit INK2 5322S 4UK Total No Frost 70/30 Fridge Freezer with Fresh Space+ - Silver,cleared fridges section — rebuilding from stock list
8635,Hotpoint Dual No Frost 70/30 Fridge Freezer - Titanium Inox | HPK2 6493 XP5UK,cleared fridges section — rebuilding from stock list
8629,Beko American Style Fridge Freezer GNE460520DVPX,cleared fridges section — rebuilding from stock list
8396,Beko American Style Fridge Freezer ASL1442VPS,cleared fridges section — rebuilding from stock list
8364,Hotpoint Freestanding Fridge Freezer HBD5517WUK1 White,cleared fridges section — rebuilding from stock list
8355,Whirlpool fridge freezer: frost free - W84BE 72 X UK 2,cleared fridges section — rebuilding from stock list
8334,Candy 185L Freestanding Fridge Freezer - White | CCH1S513EWK,cleared fridges section — rebuilding from stock list
8330,INDESIT FREESTANDING FRIDE FREEZER - IB55732SUK,cleared fridges section — rebuilding from stock list
8153,ADAMO SC50 Table Top Fridge - Black with Glass Door,cleared fridges section — rebuilding from stock list
8151,Adamo Wine Cooler JC50 ds,cleared fridges section — rebuilding from stock list
8149,ADAMO BL50C Table Top Fridge - White,cleared fridges section — rebuilding from stock list
8109,HAIER 222/119 LITRE 185X60CM FROST FREE FRIDGE FREEZER - GRAPHITE HDW3618DNPD,cleared fridges section — rebuilding from stock list
8105,Haier 377L 2D 60 Series 3 No Frost Freestanding Fridge Freezer - Black | HDW3620DNPD,cleared fridges section — rebuilding from stock list
8069,TCL AMERICAN FRIDGE FREEZER TOTAL FROST FREE BLACK RP320FBE0UK,cleared fridges section — rebuilding from stock list
7718,Beko BSFF3682 Integrated Undercounter Freezer Fixed Hinge,cleared fridges section — rebuilding from stock list
7698,Nordmende Larder Fridge - White | RTL398RIX,cleared fridges section — rebuilding from stock list
7695,Nordmende 60cm Frost Free Larder Freezer | Stainless Steel | RTF394NFRIX,cleared fridges section — rebuilding from stock list
7684,Nordmende 60cm Freestanding Tall Freezer RTF394NFWH,cleared fridges section — rebuilding from stock list
7681,Nordmende Larder Fridge - White | RTL399WH,cleared fridges section — rebuilding from stock list
7678,Whirlpool fridge freezer - W5821E W UK,cleared fridges section — rebuilding from stock list
7512,Hotpoint HS 18011 UK Integrated Fridge,cleared fridges section — rebuilding from stock list
7510,Electrolux 204L Integrated Freezer - White | LUT6NF18C,cleared fridges section — rebuilding from stock list
7506,Hotpoint integrated upright freezer HF1801EF2,cleared fridges section — rebuilding from stock list
7504,NORDMENDE 177CM TALL INTEGRATED FREEZER - NO FROST RITF395ANF,cleared fridges section — rebuilding from stock list
7502,Electrolux Integrated Larder Fridge | LRB2DE18C,cleared fridges section — rebuilding from stock list
7500,Nordmende Tall Integrated Larder Fridge - White | RITL398,cleared fridges section — rebuilding from stock list
7496,INDESIT Integrated fridge - IF A1.UK 1,cleared fridges section — rebuilding from stock list
7494,BEKO BLS4682 Integrated Undercounter Fridge - Fixed Hinge,cleared fridges section — rebuilding from stock list
7489,Electrolux Integrated fridge freezer | LNT3LF18S,cleared fridges section — rebuilding from stock list
7482,Whirlpool ART 6550 SF1 Built in Fridge Freezer 273L,cleared fridges section — rebuilding from stock list
7479,Hotpoint HBC18 5050 F1 Built-in Frost Free Fridge Freezer,cleared fridges section — rebuilding from stock list
7476,Hotpoint HTC18 T311 UK Integrated Fridge Freezer,cleared fridges section — rebuilding from stock list
7472,Hotpoint HMCB 50501 UK Integrated Fridge Freezer,cleared fridges section — rebuilding from stock list
7366,Nordmende RUL123NMWH 48cm Undercounter Fridge,cleared fridges section — rebuilding from stock list
7363,Nordmende RUI113NMWH 48cm Undercounter Fridge With Icebox,cleared fridges section — rebuilding from stock list
7362,Powerpoint Silver Undercounter Fridge Freezer P7531M4SL,cleared fridges section — rebuilding from stock list
7356,Beko LSG3545S Tall Larder Fridge Silver,cleared fridges section — rebuilding from stock list
7350,NORDMENDE 142/98 LITRE 167X54CM FREESTANDING FRIDGE FREEZER RFF317WH - WHITE - FROST FREE,cleared fridges section — rebuilding from stock list
7348,Nordmende RFF60405XL 60 40 Freestanding Fridge Freezer,cleared fridges section — rebuilding from stock list
7343,NORDMENDE 184/84 LITRE 170 X 54CM WIDE FREESTANDING FRIDGE FREEZER RFF60405WH - WHITE - LOW FROST,cleared fridges section — rebuilding from stock list
7340,POWERPOINT SIDE BY SIDE USA STYLE FRIDGE FREEZER WITH NON PLUMBED WATER DISPENSER - STAINLESES STEEL,cleared fridges section — rebuilding from stock list
7338,PowerPoint P74250MLSS 48cm Fridge Freezer,cleared fridges section — rebuilding from stock list
7336,P65473MSFW Fridge  Freezer,cleared fridges section — rebuilding from stock list
7328,Indesit 55cm Undercounter with Icebox White I55VM 1110 W UK 1,cleared fridges section — rebuilding from stock list
7326,Indesit Undercounter Fridge White | I55RM 1110 W 1,cleared fridges section — rebuilding from stock list
7322,Indesit Freestanding upright freezer: white colour - UI8 F2C W UK,cleared fridges section — rebuilding from stock list
7320,Indesit Freestanding upright freezer: white colour - UI6 F2T W UK,cleared fridges section — rebuilding from stock list
7318,Hotpoint freestanding upright freezer UH8F2CGUK,cleared fridges section — rebuilding from stock list
7316,Hotpoint freestanding upright freezer UH6F2CG,cleared fridges section — rebuilding from stock list
7314,Hotpoint freestanding fridge SH8A2QGRD,cleared fridges section — rebuilding from stock list
7312,Hotpoint freestanding fridge SH6A2QGR,cleared fridges section — rebuilding from stock list
7310,Indesit Freestanding fridge: white colour - SI8 2Q WD UK,cleared fridges section — rebuilding from stock list
7304,Beko ASD2341VB American Fridge Freezer With In Door Dispenser Black,cleared fridges section — rebuilding from stock list
7302,Beko Freestanding Fridge Freezer | CSG3571W,cleared fridges section — rebuilding from stock list
7298,Freestanding Frost Free Combi Fridge Freezer with HarvestFresh Freestanding Frost Free Combi Fridge Freezer with HarvestFresh CFP3691DVS,cleared fridges section — rebuilding from stock list
7296,Beko 182x55cm Frost Free Fridge Freezer S/Steel CNG3582VPS,cleared fridges section — rebuilding from stock list
7294,Beko 50/50 Frost Free Fridge Freezer White CFG4552W,cleared fridges section — rebuilding from stock list
7291,SAMSUNG Samsung American Style Fridge Freezer Non Plumbed Water & Ice | RS68A8530B1/EU,cleared fridges section — rebuilding from stock list
7286,Hotpoint Active 4 Door HQ9U1BL UK Fridge Freezer - Black Stainless,cleared fridges section — rebuilding from stock list
7284,HOTPOINT HBNF55181 B UK 1 50/50 Fridge Freezer - Black Frost Free,cleared fridges section — rebuilding from stock list
7282,HOTPOINT FREESTANDING FRIDGE FREEZER: FROST FREE HBNF55181 B AQUA UK,cleared fridges section — rebuilding from stock list
7280,Hotpoint freestanding fridge freezer: Frost Free HBNF55181WUK,cleared fridges section — rebuilding from stock list
7277,Candy CCT3L517FWK 55cm Freestanding Fridge Freezer - White,cleared fridges section — rebuilding from stock list
5715,Indesit Built in fridge freezer - E IB 15050 A1 D.UK 1,cleared fridges section — rebuilding from stock list
5595,Indesit  i55ZM1110WUK,cleared fridges section — rebuilding from stock list
5593,Indesit I55RM1110S,cleared fridges section — rebuilding from stock list
5484,Indesit Freestanding fridge: white colour - SI6 2 W UK,cleared fridges section — rebuilding from stock list
5481,INDESIT IBD5515WUK,cleared fridges section — rebuilding from stock list
5467,Haier HRF-522IG6 American-Style,cleared fridges section — rebuilding from stock list
5444,Indesit IB 7030 A1 D.UK,cleared fridges section — rebuilding from stock list
5377,Indesit IBD 5515 S Fridge Freezer in Silver,cleared fridges section — rebuilding from stock list
5304,Candy Comfort CSC1365WE,cleared fridges section — rebuilding from stock list
800001,ADAMO BC-50BK Table Top Fridge with Ice Box & Lock | Black,cleared fridges section — rebuilding from stock list
800002,ADAMO BC-50C Table Top Fridge 46L with Ice Box & Lock | White,cleared fridges section — rebuilding from stock list
800003,ADAMO BC-51-BK Table Top Fridge with Lock – 46L | Black,cleared fridges section — rebuilding from stock list
800004,ADAMO BC-51C Table Top Fridge with Lock - 46L |White,cleared fridges section — rebuilding from stock list
800007,ADAMO WC-52 Wine & Beverage Cooler with Glass Door | Black,cleared fridges section — rebuilding from stock list
8747,NordMende Built In 72L Multifunction Oven Pyro Clean Digital Programmer Black Glass | SOP527BL,cleared cooking appliances section — rebuilding from stock list
8745,"HOTPOINT Class 3 Single Fan Oven - Catalytic Liners - Multifunction 5 - 73L With 2 Dial, Digital Display Timer And A+ Energy In Black Model Code HO3K55CBUK",cleared cooking appliances section — rebuilding from stock list
8743,HOTPOINT Class 5 Single Fan Oven - Dual Clean (Pyro & Hydro) - Multifunction 8 - 73L With Rotary Monodial And A+ Energy In Stainless Steel Model Code HOI5S8PM0XUK,cleared cooking appliances section — rebuilding from stock list
8741,NordMende Built In 65L Single Fan Oven Grill Timer Black Glass | SO207BL,cleared cooking appliances section — rebuilding from stock list
8739,"INDESIT Turn&Go Single Fan Oven - Eco Cleaning - Multifunction 8 - 71L With 2 Dial, Digital Display Timer And A Energy In Stainless Steel Model Code IO258HUX",cleared cooking appliances section — rebuilding from stock list
8737,Electrolux Built-In Multifunction Oven - Stainless Steel | KOHGH40BX,cleared cooking appliances section — rebuilding from stock list
8735,INDESIT Single Fan Oven - Enamel Coating - Grill Plus Fan - 66L With 3 Dial With Timer And A Energy In Black Model Code IO233BUK,cleared cooking appliances section — rebuilding from stock list
8733,INDESIT Single Fan Oven - Enamel Coating - Grill Plus Fan - 66L With 3 Dial With Timer And A Energy In Stainless Steel Model Code IO233XUK,cleared cooking appliances section — rebuilding from stock list
8731,"INDESIT Turn&Go Single Fan Oven - Dual Clean (Pyro & Hydro) - Multifunction 8 - 71L With 2 Dial, Digital Display Timer And A Energy In Stainless Steel Model Code IO278P1XUK",cleared cooking appliances section — rebuilding from stock list
8726,Electrolux Built-In Pyrolytic Multifunction Oven with Air Fry Function - Black | EOM6P46K,cleared cooking appliances section — rebuilding from stock list
8724,Electrolux Built-In Multifunction Oven - Black | KOFGH40TK,cleared cooking appliances section — rebuilding from stock list
8506,Electrolux 60cm Freestanding Electric Cooker LKR655200X,cleared cooking appliances section — rebuilding from stock list
8504,Electrolux 60cm Electric Freestanding Double Cooker with Ceramic Hob - Stainless Steel | LKR655210X,cleared cooking appliances section — rebuilding from stock list
8501,Electrolux 60cm Freestanding Electric Cooker LKR655200K,cleared cooking appliances section — rebuilding from stock list
8163,BEKO 90CM ALL ELECTRIC RANGE COOKER - STAINLESS STEEL KDVC90X,cleared cooking appliances section — rebuilding from stock list
8161,NordMende 90cm Duel Fuel Range Cooker | CSG92IX,cleared cooking appliances section — rebuilding from stock list
8159,NORDMENDE 100CM DUAL FUEL RANGE COOKER - STAINLESS STEEL CSG100IX,cleared cooking appliances section — rebuilding from stock list
8157,BEKO 100CM DUAL FUEL RANGE COOKER - BLACK KDVF100K,cleared cooking appliances section — rebuilding from stock list
8155,BEKO 100CM ALL ELECTRIC RANGE COOKER - BLACK KDVC100K,cleared cooking appliances section — rebuilding from stock list
8111,BEKO 60CM DOUBLE OVEN FREESTANDING ELECTRIC COOKER WITH 4 ZONE CERAMIC HOB KDC653K BLACK,cleared cooking appliances section — rebuilding from stock list
7715,Beko BBDF26300X 60cm Double Fan Oven 75L Stainless Steel,cleared cooking appliances section — rebuilding from stock list
7691,LEISURE Classic Cream 60CM All Gas Cooker || CLA60GAC,cleared cooking appliances section — rebuilding from stock list
7689,Leisure 60cm Electric Cooker | CLA60CEC,cleared cooking appliances section — rebuilding from stock list
7671,Hotpoint PPH 75G DF IX UK Hob - Silver,cleared cooking appliances section — rebuilding from stock list
7668,Nordmende 70cm Gas Hob Code: HGX703BGL,cleared cooking appliances section — rebuilding from stock list
7664,Indesit Gas hob: 4 gas burners - THP 641 W/IX/I,cleared cooking appliances section — rebuilding from stock list
7662,"Nordmende, HGX603BGL, 60cm X-Design Gas Hob, Black",cleared cooking appliances section — rebuilding from stock list
7659,NORDMENDE FIVE BURNER STAINLESS STEEL GAS HOB HGX703IX (CENTRE WOK),cleared cooking appliances section — rebuilding from stock list
7657,Nordmende gas Hob 60CM Black HGE603BL,cleared cooking appliances section — rebuilding from stock list
7653,NORDMENDE  60cm X-Design Gas Hob Code: HGX603IX,cleared cooking appliances section — rebuilding from stock list
7650,Electrolux 59CM Built-In Electric Double Oven stainless steel KDFEC40K,cleared cooking appliances section — rebuilding from stock list
7648,Electrolux 59CM Built-In Electric Double Oven stainless steel KDFEC40X,cleared cooking appliances section — rebuilding from stock list
7644,NordMende Double Oven | Stainless Steel | DOI325IX,cleared cooking appliances section — rebuilding from stock list
7637,Hotpoint Class 3 DKD3 841 IX Built-in Oven - Stainless Steel,cleared cooking appliances section — rebuilding from stock list
7635,Beko BBDM243BOC Multifunction Built In Double Oven Black,cleared cooking appliances section — rebuilding from stock list
7632,Beko BBDF22300B 60cm Double Fan Oven LED Timer Black,cleared cooking appliances section — rebuilding from stock list
7624,Hotpoint Class 2 DD2 844 C BL Built-in Oven - Black,cleared cooking appliances section — rebuilding from stock list
7622,Built in double oven: electric - IDD 6340 IX,cleared cooking appliances section — rebuilding from stock list
7617,Built Under double oven: electric - IDU 6340 IX,cleared cooking appliances section — rebuilding from stock list
7611,HOTPOINT Hotpoint Built-In Electric Oven | SI9891SPIX,cleared cooking appliances section — rebuilding from stock list
7607,Indesit IFW 3841 P IX UK Built in electric oven,cleared cooking appliances section — rebuilding from stock list
7604,Beko 60cm AeroPerfect Single Fan Oven White BBIF22100W,cleared cooking appliances section — rebuilding from stock list
7600,"Hotpoint built in electric oven: black, self cleaning SI9891SPBM",cleared cooking appliances section — rebuilding from stock list
7597,Indesit Built in electric oven: inox colour - IFW 6330 BL UK (Copy),cleared cooking appliances section — rebuilding from stock list
7593,Indesit Built in electric oven: inox colour - IFW 6330 IX UK,cleared cooking appliances section — rebuilding from stock list
7590,NordMende 70 litre Pyrolytic Multi Function Oven | SOP526IX,cleared cooking appliances section — rebuilding from stock list
7586,Hotpoint Class 3 SA3 540 H IX Built-in Oven - Stainless Steel,cleared cooking appliances section — rebuilding from stock list
7581,Hotpoint Class 5 SI5 854 P IX Electric Single Built-in Oven - Stainless Steel,cleared cooking appliances section — rebuilding from stock list
7575,NORDMENDE Nordmende Stainless Steel Single Fan Oven | SO106IX,cleared cooking appliances section — rebuilding from stock list
7566,De Dietrich 65CM 4 Zones Built-In Induction Hob - Absolute Black | DPI7650BU,cleared cooking appliances section — rebuilding from stock list
7562,Nordmende 90cm Induction Hob Code: HCI902FL,cleared cooking appliances section — rebuilding from stock list
7558,Beko HIC85402T 80cm Ceramic Hob Black,cleared cooking appliances section — rebuilding from stock list
7554,Hotpoint TQ 4160S BF Induction Hob,cleared cooking appliances section — rebuilding from stock list
7550,Hotpoint TB 3977B BF Induction Hob,cleared cooking appliances section — rebuilding from stock list
7547,Indesit Induction glass-ceramic hob - IS 83Q60 NE,cleared cooking appliances section — rebuilding from stock list
7544,INDESIT Hob - RI 161 C,cleared cooking appliances section — rebuilding from stock list
7541,Hotpoint HR 724 B H Ceramic Hob - Black,cleared cooking appliances section — rebuilding from stock list
7539,Nordmende 60cm Induction Hob Framed HCI60FD,cleared cooking appliances section — rebuilding from stock list
7536,Nordmende  4 ZONE TOUCH CONTROL CERAMIC HOB ARHCT60FL,cleared cooking appliances section — rebuilding from stock list
7461,Beko KD533AW 50cm Twin Cavity Electric Cooker in White,cleared cooking appliances section — rebuilding from stock list
7457,BEKO 60CM DOUBLE OVEN FREESTANDING ELECTRIC COOKER WITH 4 ZONE CERAMIC HOB KDC653S - SILVER,cleared cooking appliances section — rebuilding from stock list
7453,50cm Freestanding Electric Cooker Code: 50cm Freestanding Electric Cooker CTEC53BK,cleared cooking appliances section — rebuilding from stock list
7450,"Nordmende, CTEC63BK, Nordmende 60Cm All Electric Cooker, Black",cleared cooking appliances section — rebuilding from stock list
7445,NordMende FS 60cm Twin Cavity Electric Fan Cooker with Ceramic Top WHITE CTEC63WH,cleared cooking appliances section — rebuilding from stock list
7441,Indesit Gas freestanding double cooker: 60cm - ID67G0MCW/UK,cleared cooking appliances section — rebuilding from stock list
7436,Indesit Gas freestanding double cooker: 50cm - ID5G00KMW/UK,cleared cooking appliances section — rebuilding from stock list
7432,Indesit Electric freestanding double cooker: 50cm - ID5E92KMW/UK,cleared cooking appliances section — rebuilding from stock list
7428,Hotpoint HDM67G0C2CX/U GAS Double Cooker - Inox,cleared cooking appliances section — rebuilding from stock list
7424,Hotpoint HDM67G8CCB/UK  GAS Double Cooker - Black,cleared cooking appliances section — rebuilding from stock list
7420,Hotpoint HDM67V8D2CX/UK Electric Double Cooker - Inox,cleared cooking appliances section — rebuilding from stock list
7416,Hotpoint HD5V93CCW/UK Electric Freestanding Double Cooker - White,cleared cooking appliances section — rebuilding from stock list
7413,Hotpoint HD5G00KCB/UK Cooker - Black,cleared cooking appliances section — rebuilding from stock list
7406,Hotpoint HDM67G0C2CB/UK Double Gas Cooker - Black,cleared cooking appliances section — rebuilding from stock list
7402,Hotpoint HDT67I9HM2C/UK Induction  Double cooker - Black,cleared cooking appliances section — rebuilding from stock list
7397,Hotpoint HDM67G0C2CX/U Double Cooker - Inox,cleared cooking appliances section — rebuilding from stock list
7393,Hotpoint HDM67V9HCB/U Electric Double Cooker - Black,cleared cooking appliances section — rebuilding from stock list
7389,Hotpoint HDT67V9H2CB/UK Ceramic Double Cooker - Black,cleared cooking appliances section — rebuilding from stock list
7385,Hotpoint HD5V93CCB/UK Electric Freestanding 50cm Double Cooker - Black,cleared cooking appliances section — rebuilding from stock list
7381,Hotpoint HD5V92KCB/UK Cooker - Black,cleared cooking appliances section — rebuilding from stock list
7377,INDESIT Electric freestanding double cooker: 50cm - ID5V92KMW/UK,cleared cooking appliances section — rebuilding from stock list
7373,INDESIT Electric freestanding double cooker: 60cm - ID67V9KMW/UK,cleared cooking appliances section — rebuilding from stock list
7369,INDESIT Electric freestanding double cooker: 60cm - ID67V9KMB/UK,cleared cooking appliances section — rebuilding from stock list
5762,NordMende 50CM GAS COOKER NG  CTG51WH,cleared cooking appliances section — rebuilding from stock list
5760,Nordmende 50cm Freestanding Gas Cooker CSG52LPGWH,cleared cooking appliances section — rebuilding from stock list
5758,Nordmende 50cm CSE514WH,cleared cooking appliances section — rebuilding from stock list
5750,NordMende SOP416IX,cleared cooking appliances section — rebuilding from stock list
5747,Nordmende SO106BL,cleared cooking appliances section — rebuilding from stock list
5728,De Dietrich DOP7340X,cleared cooking appliances section — rebuilding from stock list
5721,De Dietrich DOP7200BM,cleared cooking appliances section — rebuilding from stock list
5713,DE Dietrich DOP8785A,cleared cooking appliances section — rebuilding from stock list
5711,DE Dietrich MICROWAVES DKC7340X,cleared cooking appliances section — rebuilding from stock list
5670,Indesit IT50GW 50cm,cleared cooking appliances section — rebuilding from stock list
5644,HOTPOINT FA4S 544 IX H,cleared cooking appliances section — rebuilding from stock list
5638,Built Under double oven: electric - IDU 6340 BL,cleared cooking appliances section — rebuilding from stock list
5460,Built in double oven: electric - IDD 6340 BL,cleared cooking appliances section — rebuilding from stock list
5438,Indesit Hob  RI 860 C,cleared cooking appliances section — rebuilding from stock list
5435,HOTPOINT PCN 751 T/IX/,cleared cooking appliances section — rebuilding from stock list
5726,De Dietrich DKC7340A,cleared cooking appliances section — rebuilding from stock list
7516,BEKO 10 PLACE SETTING FREESTANDING DISHWASHER - SILVER DVS04020S,dishwasher stock reconciliation — not on EasyRetail stock take (01 Jul 2026)
8698,Bosch Series 2 60cm 13 Place Integrated Dishwasher | SMV2HTX02G,dishwasher stock reconciliation — not on EasyRetail stock take (01 Jul 2026)
8689,FS Slimline Dishwasher 10 Place Set 11.5 L 6 Progs Model Code IN2FE10CS90WUK,dishwasher stock reconciliation — not on EasyRetail stock take (01 Jul 2026)
7522,Hotpoint 14 Place Fully Integrated Dishwasher With Third Drawer – HIO3T241WFEGTUK,dishwasher stock reconciliation — not on EasyRetail stock take (01 Jul 2026)
8749,HOTPOINT BI Full Size Dishwasher 14 Place Set 9.5 L 5 Progs Model Code H3BL626BUK,dishwasher stock reconciliation — not on EasyRetail stock take (01 Jul 2026)
7269,Hotpoint H2FHL626 X UK Freestanding 14 Place Settings Dishwasher,dishwasher stock reconciliation — not on EasyRetail stock take (01 Jul 2026)
5446,Hotpoint HBC 2B19 X UK,dishwasher stock reconciliation — not on EasyRetail stock take (01 Jul 2026)
8367,HOTPOINT Hydroforce H8I HP42 L UK Full-size Fully Integrated Dishwasher,dishwasher stock reconciliation — not on EasyRetail stock take (01 Jul 2026)
8751,HOTPOINT Semi Integrated Full Size Dishwasher with 14 Place Settings & 5 Programmes Model Code H3BL626XUK,dishwasher stock reconciliation — not on EasyRetail stock take (01 Jul 2026)
7265,Indesit Slimline DF9E1B10 UK Freestanding Dishwasher - White,dishwasher stock reconciliation — not on EasyRetail stock take (01 Jul 2026)
5427,Nordmende DW67DIX,dishwasher stock reconciliation — not on EasyRetail stock take (01 Jul 2026)
7273,Whirlpool SupremeClean WSFE2B19 X UK N Dishwasher A+++ 10 Place - Stainless Steel,dishwasher stock reconciliation — not on EasyRetail stock take (01 Jul 2026)
8705,Push&Go BI Full Size Dishwasher 14 Place Set 9.5 L 6 Progs Model Code D2IHL326UK,dishwasher stock reconciliation — not on EasyRetail stock take (01 Jul 2026)
8711,Electrolux Freestanding Dishwasher - White | ESA17210SX,duplicate listing of ESA17210SX (mislabeled white) — kept stainless listing 8359
5418,Nordmende DW642WH,dishwasher stock reconciliation — not on stock take; DW64X2WH is the in-stock model
